tag_no,name,hp
923072,Priscilla Michael,86150569
851094,Emerson Bird,88784596
578570,Malcolm Zamora,97642342
876011,Claire Barrett,83177298
957125,Yuliana Avila,88001212
376146,Edith Mills,90593175
444792,Jaydon Cannon,96858377
855819,Marely Knox,87205600
983901,Luz Gillespie,91429366
152539,Ben Warner,95894331
788756,Declan Bonilla,83424471
584383,Leanna Ritter,92396637
424127,Juan Gray,85753706
588342,Deangelo Hamilton,95062047
857165,Denise Avila,82031675
479411,Kayden Shields,81114056
795569,Heath Chapman,94862480
238359,Timothy Barry,95144938
587899,Pamela Welch,88718803
321034,Allie Frank,86272729
148582,Estra Pearson,81234567
